Beryl, Bliss, Briar, Bud, Buddy, Chance, Deacon, Duke, Earl, Erle, Gay, Gaye, Goldie, Greg, Handy, Ivory, Ivy, Jewel, Juniper, Justice, Laurel, Liberty, March, Olive, Opal, Peabo, Pearl, Preacher, Prince, Rowan, Royal, Rudyard, Sage, Savior, Saviour, September, Silver, Sky, Sojourner, Sonny, Talon, Trey, Wren, Aaren, Aaron, Ab, Abdiel, Abdon, Abe, Abednego, Abel, Abey, Abie, Abijah, Abijam, Abner, Abraham, Abram, Absalom, Achaz, Adam, Addy, Adie, Adlai, Adriel, Ahab, Aharon, Ailan, Ailon, Akiba, Akiva, Alan, Alon, Amaziah, Amit, Amos, Ananias, Ari, Ariah, Arie, Ariel, Arik, Aron, Arron, Ary, Asa, Asaf, Asher, Avi, Avraham, Ayoub, Azariah, Barak, Barnabas, Barnaby, Baruch, Barzillai, Bazabeel, Benjamin, Benzion, Bethuel, Boaz, Cain, Caleb, Canaan, Chaim, Dan, Daniel, David, Doron, Dror, Ebenezer, Eilan, Eilon, Eitan, Elan, Eleazar, Eli, Elias, Elie, Eliel, Eliezer, Elijah, Eliot, Elisha, Elisjsha, Elkanah, Elliot, Elliott, Elon, Emanuel, Emmanuel, Enoch, Enos, Ephraim, Esau, Etan, Ethan, Ezekiel, Ezra, Gabriel, Gad, Gershom, Gideon, Gilead, Goliath, Guy, Habakkuk, Hans, Helon, Hezekiah, Hillel, Hiram, Hosea, Hyam, Hyman, Ilan, Ilon, Immanuel, Imri, Ira, Isaac, Isaack, Isaiah, Ishmael, Isiah, Israel, Issac, Issachar, Itzhak, Jabez, Jacob, Jadon, Jair, James, Jan, Japheth, Jared, Jarred, Jean, Jedidiah, Jehoshaphat, Jehu, Jenkin, Jephthah, Jeremiah, Jeremias, Jeremy, Jesse, Jessee, Jessie, Jethro, Jo, Joachim, Job, Joe, Joel, Joeseph, John, Johnathan, Joktan, Jon, Jonah, Jonas, Jonathan, Jonathon, Jordan, Jordyn, Joseph, Joshua, Josiah, Josias, Judah, Judas, Judd, Jude, Judy, Kaleb, Kenan, Laban, Lazarus, Lemuel, Levi, Lior, Lot, Mahlon, Malachi, Manasseh, Mathew, Mattathias, Matthew, Matthias, Melchior, Meshach, Meyer, Mica, Micah, Michael, Michaell, Micheal, Mika, Misael, Mitchel